open_time,close,volume
2025-12-28 07:00:00,1.656,396414.19
2025-12-28 08:00:00,1.669,333204.5
2025-12-28 09:00:00,1.64,419336.36
2025-12-28 10:00:00,1.639,120987.41
2025-12-28 11:00:00,1.644,128867.62
2025-12-28 12:00:00,1.649,143339.07
2025-12-28 13:00:00,1.645,240703.78
2025-12-28 14:00:00,1.653,232252.13
2025-12-28 15:00:00,1.644,195384.75
2025-12-28 16:00:00,1.644,135376.68
2025-12-28 17:00:00,1.653,108871.6
2025-12-28 18:00:00,1.648,240528.17
2025-12-28 19:00:00,1.646,166706.45
2025-12-28 20:00:00,1.64,109962.25
2025-12-28 21:00:00,1.64,135066.02
2025-12-28 22:00:00,1.646,123393.45
2025-12-28 23:00:00,1.653,150888.09
2025-12-29 00:00:00,1.665,213841.51
2025-12-29 01:00:00,1.67,176374.06
2025-12-29 02:00:00,1.683,624675.18
2025-12-29 03:00:00,1.681,332309.25
2025-12-29 04:00:00,1.67,232075.95
2025-12-29 05:00:00,1.666,197834.99
2025-12-29 06:00:00,1.657,255219.39
2025-12-29 07:00:00,1.655,136593.73
2025-12-29 08:00:00,1.647,162867.24
2025-12-29 09:00:00,1.629,340062.45
2025-12-29 10:00:00,1.633,189893.66
2025-12-29 11:00:00,1.621,142300.1
2025-12-29 12:00:00,1.626,379759.02
2025-12-29 13:00:00,1.638,410342.81
2025-12-29 14:00:00,1.653,639462.0
2025-12-29 15:00:00,1.659,231247.52
2025-12-29 16:00:00,1.658,263971.82
2025-12-29 17:00:00,1.674,329366.01
2025-12-29 18:00:00,1.671,528953.72
2025-12-29 19:00:00,1.673,309490.01
2025-12-29 20:00:00,1.601,2016384.28
2025-12-29 21:00:00,1.591,495589.72
2025-12-29 22:00:00,1.587,193290.41
2025-12-29 23:00:00,1.571,544924.29
2025-12-30 00:00:00,1.568,750616.8
2025-12-30 01:00:00,1.564,478967.58
2025-12-30 02:00:00,1.556,330199.98
2025-12-30 03:00:00,1.561,599609.51
2025-12-30 04:00:00,1.577,229842.85
2025-12-30 05:00:00,1.581,230213.16
2025-12-30 06:00:00,1.583,117845.62
2025-12-30 07:00:00,1.587,114447.06
2025-12-30 08:00:00,1.596,660861.46
2025-12-30 09:00:00,1.603,144989.1
2025-12-30 10:00:00,1.602,201614.41
2025-12-30 11:00:00,1.615,314374.17
2025-12-30 12:00:00,1.606,125457.17
2025-12-30 13:00:00,1.629,342229.84
2025-12-30 14:00:00,1.63,404204.02
2025-12-30 15:00:00,1.644,244713.73
2025-12-30 16:00:00,1.623,498541.87
2025-12-30 17:00:00,1.618,226850.77
2025-12-30 18:00:00,1.619,505954.95
2025-12-30 19:00:00,1.622,177463.18
2025-12-30 20:00:00,1.629,198278.55
2025-12-30 21:00:00,1.629,136334.12
2025-12-30 22:00:00,1.628,123120.1
2025-12-30 23:00:00,1.625,73881.0
2025-12-31 00:00:00,1.615,695561.44
2025-12-31 01:00:00,1.621,87531.33
2025-12-31 02:00:00,1.615,90346.6
2025-12-31 03:00:00,1.615,60695.72
2025-12-31 04:00:00,1.613,45615.19
2025-12-31 05:00:00,1.616,331918.08
2025-12-31 06:00:00,1.629,134412.92
2025-12-31 07:00:00,1.627,157738.32
2025-12-31 08:00:00,1.633,163697.4
2025-12-31 09:00:00,1.636,128338.5
2025-12-31 10:00:00,1.629,225361.9
2025-12-31 11:00:00,1.635,200982.62
2025-12-31 12:00:00,1.635,164517.25
2025-12-31 13:00:00,1.645,286709.35
2025-12-31 14:00:00,1.635,380910.55
2025-12-31 15:00:00,1.634,171466.06
2025-12-31 16:00:00,1.622,404011.16
2025-12-31 17:00:00,1.621,151865.36
2025-12-31 18:00:00,1.637,413350.72
2025-12-31 19:00:00,1.637,170433.7
2025-12-31 20:00:00,1.644,439449.9
2025-12-31 21:00:00,1.658,310603.68
2025-12-31 22:00:00,1.664,403464.86
2025-12-31 23:00:00,1.659,190262.44
2026-01-01 00:00:00,1.664,210436.76
2026-01-01 01:00:00,1.67,159853.34
2026-01-01 02:00:00,1.672,191777.22
2026-01-01 03:00:00,1.676,154083.85
2026-01-01 04:00:00,1.67,141236.69
2026-01-01 05:00:00,1.688,129378.88
2026-01-01 06:00:00,1.682,166055.94
2026-01-01 07:00:00,1.658,319560.95
2026-01-01 08:00:00,1.669,176301.76
2026-01-01 09:00:00,1.673,96676.9
2026-01-01 10:00:00,1.686,291156.82
2026-01-01 11:00:00,1.675,188847.34
2026-01-01 12:00:00,1.678,123930.35
2026-01-01 13:00:00,1.681,154926.6
2026-01-01 14:00:00,1.676,102493.98
2026-01-01 15:00:00,1.687,238720.14
2026-01-01 16:00:00,1.678,163497.54
2026-01-01 17:00:00,1.68,96267.41
2026-01-01 18:00:00,1.694,232780.46
2026-01-01 19:00:00,1.697,177147.07
2026-01-01 20:00:00,1.694,91808.94
2026-01-01 21:00:00,1.693,113573.76
2026-01-01 22:00:00,1.702,151250.23
2026-01-01 23:00:00,1.694,100351.4
2026-01-02 00:00:00,1.684,214069.17
2026-01-02 01:00:00,1.673,283255.35
2026-01-02 02:00:00,1.676,132914.87
2026-01-02 03:00:00,1.676,99662.0
2026-01-02 04:00:00,1.681,109372.5
2026-01-02 05:00:00,1.708,597133.85
2026-01-02 06:00:00,1.703,180192.76
2026-01-02 07:00:00,1.712,257223.16
2026-01-02 08:00:00,1.722,160011.55
2026-01-02 09:00:00,1.738,237850.61
2026-01-02 10:00:00,1.725,277639.48
2026-01-02 11:00:00,1.717,195667.83
2026-01-02 12:00:00,1.72,204017.55
2026-01-02 13:00:00,1.731,233098.19
2026-01-02 14:00:00,1.734,416297.77
2026-01-02 15:00:00,1.735,366952.34
2026-01-02 16:00:00,1.816,1213423.3
2026-01-02 17:00:00,1.885,3015878.19
2026-01-02 18:00:00,1.875,1771675.81
2026-01-02 19:00:00,1.804,1085236.09
2026-01-02 20:00:00,1.819,571250.41
2026-01-02 21:00:00,1.813,573277.95
2026-01-02 22:00:00,1.811,201974.66
2026-01-02 23:00:00,1.802,329877.96
2026-01-03 00:00:00,1.815,297668.77
2026-01-03 01:00:00,1.82,422289.95
2026-01-03 02:00:00,1.833,204628.45
2026-01-03 03:00:00,1.832,244158.63
2026-01-03 04:00:00,1.816,294111.77
2026-01-03 05:00:00,1.818,336103.0
2026-01-03 06:00:00,1.803,161150.5
2026-01-03 07:00:00,1.781,503392.24
2026-01-03 08:00:00,1.786,279093.46
2026-01-03 09:00:00,1.798,132598.09
2026-01-03 10:00:00,1.809,241503.1
2026-01-03 11:00:00,1.798,110206.19
2026-01-03 12:00:00,1.798,146685.53
2026-01-03 13:00:00,1.803,150566.5
2026-01-03 14:00:00,1.804,539442.78
2026-01-03 15:00:00,1.799,217498.9
2026-01-03 16:00:00,1.814,361512.76
2026-01-03 17:00:00,1.827,162283.94
2026-01-03 18:00:00,1.841,179289.84
2026-01-03 19:00:00,1.848,608205.63
2026-01-03 20:00:00,1.857,241361.82
2026-01-03 21:00:00,1.853,152259.79
2026-01-03 22:00:00,1.855,129078.66
2026-01-03 23:00:00,1.85,90605.86
2026-01-04 00:00:00,1.867,126644.84
2026-01-04 01:00:00,1.862,165335.27
2026-01-04 02:00:00,1.856,146400.83
2026-01-04 03:00:00,1.862,156849.07
2026-01-04 04:00:00,1.864,104120.2
2026-01-04 05:00:00,1.867,286237.31
2026-01-04 06:00:00,1.861,158255.59
2026-01-04 07:00:00,1.874,212086.1
2026-01-04 08:00:00,1.853,421041.75
2026-01-04 09:00:00,1.853,532831.94
2026-01-04 10:00:00,1.856,306930.25
2026-01-04 11:00:00,1.856,187183.75
2026-01-04 12:00:00,1.853,380735.83
2026-01-04 13:00:00,1.859,124546.24
2026-01-04 14:00:00,1.856,188376.12
2026-01-04 15:00:00,1.855,134701.21
2026-01-04 16:00:00,1.868,131001.45
2026-01-04 17:00:00,1.88,518552.41
2026-01-04 18:00:00,1.881,192942.26
2026-01-04 19:00:00,1.867,229895.45
2026-01-04 20:00:00,1.864,211263.67
2026-01-04 21:00:00,1.86,59120.84
2026-01-04 22:00:00,1.86,53222.9
2026-01-04 23:00:00,1.867,70271.8
2026-01-05 00:00:00,1.874,227877.85
2026-01-05 01:00:00,1.878,184552.18
2026-01-05 02:00:00,1.884,163417.35
2026-01-05 03:00:00,1.86,173140.27
2026-01-05 04:00:00,1.855,430665.02
2026-01-05 05:00:00,1.852,188928.65
2026-01-05 06:00:00,1.84,132900.57
2026-01-05 07:00:00,1.854,121126.94
2026-01-05 08:00:00,1.864,466914.05
2026-01-05 09:00:00,1.856,311450.64
2026-01-05 10:00:00,1.857,119030.19
2026-01-05 11:00:00,1.865,147915.25
2026-01-05 12:00:00,1.893,283962.35
2026-01-05 13:00:00,1.888,424622.0
2026-01-05 14:00:00,1.882,254527.29
2026-01-05 15:00:00,1.897,213172.94
2026-01-05 16:00:00,1.894,258997.42
2026-01-05 17:00:00,1.915,502148.83
2026-01-05 18:00:00,1.911,596494.0
2026-01-05 19:00:00,1.895,282861.31
2026-01-05 20:00:00,1.901,252107.76
2026-01-05 21:00:00,1.899,112889.89
2026-01-05 22:00:00,1.901,129954.69
2026-01-05 23:00:00,1.895,72429.77
2026-01-06 00:00:00,1.898,233650.63
2026-01-06 01:00:00,1.894,94229.94
2026-01-06 02:00:00,1.893,186540.19
2026-01-06 03:00:00,1.898,133178.15
2026-01-06 04:00:00,1.904,121782.39
2026-01-06 05:00:00,1.906,314448.55
2026-01-06 06:00:00,1.905,166780.21
2026-01-06 07:00:00,1.904,249082.55
2026-01-06 08:00:00,1.905,148295.39
2026-01-06 09:00:00,1.905,179662.92
2026-01-06 10:00:00,1.912,191211.94
2026-01-06 11:00:00,1.937,406996.86
2026-01-06 12:00:00,1.938,212803.49
2026-01-06 13:00:00,1.933,159594.34
2026-01-06 14:00:00,1.924,437461.95
2026-01-06 15:00:00,1.898,719072.8
2026-01-06 16:00:00,1.874,781487.45
2026-01-06 17:00:00,1.856,282664.26
2026-01-06 18:00:00,1.875,221206.29
2026-01-06 19:00:00,1.886,202066.14
2026-01-06 20:00:00,1.884,148793.62
2026-01-06 21:00:00,1.903,467984.98
2026-01-06 22:00:00,1.889,150599.65
2026-01-06 23:00:00,1.898,217146.03
2026-01-07 00:00:00,1.88,356642.57
2026-01-07 01:00:00,1.874,308255.91
2026-01-07 02:00:00,1.885,101452.01
2026-01-07 03:00:00,1.883,70260.55
2026-01-07 04:00:00,1.878,110014.88
2026-01-07 05:00:00,1.867,79381.54
2026-01-07 06:00:00,1.867,69100.62
2026-01-07 07:00:00,1.872,135389.08
2026-01-07 08:00:00,1.873,483285.99
2026-01-07 09:00:00,1.854,273534.13
2026-01-07 10:00:00,1.854,100633.7
2026-01-07 11:00:00,1.866,136649.4
2026-01-07 12:00:00,1.861,116655.95
2026-01-07 13:00:00,1.86,111598.39
2026-01-07 14:00:00,1.873,271036.34
2026-01-07 15:00:00,1.875,435723.17
2026-01-07 16:00:00,1.894,438510.5
2026-01-07 17:00:00,1.876,244696.27
2026-01-07 18:00:00,1.863,380336.16
2026-01-07 19:00:00,1.872,199530.16
2026-01-07 20:00:00,1.871,254364.92
2026-01-07 21:00:00,1.875,104224.46
2026-01-07 22:00:00,1.866,615126.19
2026-01-07 23:00:00,1.872,457899.51
2026-01-08 00:00:00,1.881,130812.77
2026-01-08 01:00:00,1.881,135674.32
2026-01-08 02:00:00,1.868,107896.67
2026-01-08 03:00:00,1.862,92895.19
2026-01-08 04:00:00,1.863,237187.48
2026-01-08 05:00:00,1.863,71192.68
2026-01-08 06:00:00,1.837,164816.69
2026-01-08 07:00:00,1.854,231356.7
2026-01-08 08:00:00,1.846,154895.92
2026-01-08 09:00:00,1.834,150123.0
2026-01-08 10:00:00,1.838,283694.33
2026-01-08 11:00:00,1.842,145613.81
2026-01-08 12:00:00,1.835,453918.74
2026-01-08 13:00:00,1.824,387754.08
2026-01-08 14:00:00,1.854,878092.19
2026-01-08 15:00:00,1.892,480654.89
2026-01-08 16:00:00,1.869,437299.42
2026-01-08 17:00:00,1.869,219331.54
2026-01-08 18:00:00,1.874,362698.58
2026-01-08 19:00:00,1.884,250888.21
2026-01-08 20:00:00,1.871,282379.16
2026-01-08 21:00:00,1.871,97507.79
2026-01-08 22:00:00,1.869,132313.34
2026-01-08 23:00:00,1.861,90654.17
2026-01-09 00:00:00,1.854,175714.41
2026-01-09 01:00:00,1.85,231888.98
2026-01-09 02:00:00,1.84,132633.61
2026-01-09 03:00:00,1.837,299630.71
2026-01-09 04:00:00,1.825,259099.55
2026-01-09 05:00:00,1.81,579314.05
2026-01-09 06:00:00,1.805,292551.63
2026-01-09 07:00:00,1.794,1221244.93
2026-01-09 08:00:00,1.778,1966253.55
2026-01-09 09:00:00,1.766,501428.98
2026-01-09 10:00:00,1.773,598192.0
2026-01-09 11:00:00,1.765,189651.21
2026-01-09 12:00:00,1.739,382825.38
2026-01-09 13:00:00,1.754,284865.12
2026-01-09 14:00:00,1.757,209199.28
2026-01-09 15:00:00,1.772,291207.58
2026-01-09 16:00:00,1.775,186158.28
2026-01-09 17:00:00,1.771,189151.1
2026-01-09 18:00:00,1.752,135764.3
2026-01-09 19:00:00,1.735,342868.22
2026-01-09 20:00:00,1.741,128550.11
2026-01-09 21:00:00,1.736,142874.2
2026-01-09 22:00:00,1.734,106398.58
2026-01-09 23:00:00,1.745,156876.92
2026-01-10 00:00:00,1.739,149811.78
2026-01-10 01:00:00,1.734,185644.29
2026-01-10 02:00:00,1.727,82968.73
2026-01-10 03:00:00,1.722,79921.64
2026-01-10 04:00:00,1.725,71841.63
2026-01-10 05:00:00,1.736,62105.33
2026-01-10 06:00:00,1.736,78595.4
2026-01-10 07:00:00,1.741,88456.43
2026-01-10 08:00:00,1.736,117389.61
2026-01-10 09:00:00,1.739,108637.3
2026-01-10 10:00:00,1.761,347206.41
2026-01-10 11:00:00,1.763,164506.42
2026-01-10 12:00:00,1.774,394971.94
2026-01-10 13:00:00,1.784,155684.87
2026-01-10 14:00:00,1.769,353435.67
2026-01-10 15:00:00,1.765,137959.92
2026-01-10 16:00:00,1.764,150453.23
2026-01-10 17:00:00,1.755,85458.57
2026-01-10 18:00:00,1.747,267140.73
2026-01-10 19:00:00,1.752,132054.7
2026-01-10 20:00:00,1.751,61091.36
2026-01-10 21:00:00,1.738,153752.36
2026-01-10 22:00:00,1.736,128961.96
2026-01-10 23:00:00,1.74,88041.7
2026-01-11 00:00:00,1.746,125752.72
2026-01-11 01:00:00,1.742,147203.17
2026-01-11 02:00:00,1.739,439172.24
2026-01-11 03:00:00,1.738,151753.58
2026-01-11 04:00:00,1.734,113156.0
2026-01-11 05:00:00,1.732,96427.43
2026-01-11 06:00:00,1.74,55973.52
2026-01-11 07:00:00,1.739,61004.4
2026-01-11 08:00:00,1.741,88501.25
2026-01-11 09:00:00,1.752,175692.38
2026-01-11 10:00:00,1.746,120848.19
2026-01-11 11:00:00,1.751,119686.99
2026-01-11 12:00:00,1.764,136668.53
2026-01-11 13:00:00,1.758,115679.37
2026-01-11 14:00:00,1.764,69679.32
2026-01-11 15:00:00,1.756,111638.91
2026-01-11 16:00:00,1.758,156944.98
2026-01-11 17:00:00,1.762,146233.77
2026-01-11 18:00:00,1.771,191206.97
2026-01-11 19:00:00,1.76,58209.93
2026-01-11 20:00:00,1.755,148432.92
2026-01-11 21:00:00,1.756,114056.7
2026-01-11 22:00:00,1.742,196908.89
2026-01-11 23:00:00,1.75,106024.88
2026-01-12 00:00:00,1.756,138246.17
2026-01-12 01:00:00,1.755,81425.23
2026-01-12 02:00:00,1.765,166127.23
2026-01-12 03:00:00,1.762,139774.53
2026-01-12 04:00:00,1.769,120802.7
2026-01-12 05:00:00,1.761,75672.7
2026-01-12 06:00:00,1.749,164684.43
2026-01-12 07:00:00,1.737,249930.24
2026-01-12 08:00:00,1.743,145487.49
2026-01-12 09:00:00,1.742,124885.88
2026-01-12 10:00:00,1.735,131186.96
2026-01-12 11:00:00,1.727,170117.46
2026-01-12 12:00:00,1.721,261718.21
2026-01-12 13:00:00,1.716,152505.62
2026-01-12 14:00:00,1.727,278573.81
2026-01-12 15:00:00,1.724,130140.07
2026-01-12 16:00:00,1.74,163770.09
2026-01-12 17:00:00,1.74,233879.07
2026-01-12 18:00:00,1.75,140224.54
2026-01-12 19:00:00,1.757,102751.91
2026-01-12 20:00:00,1.74,84109.23
2026-01-12 21:00:00,1.729,46954.24
2026-01-12 22:00:00,1.73,67535.57
2026-01-12 23:00:00,1.729,40547.68
2026-01-13 00:00:00,1.73,252403.83
2026-01-13 01:00:00,1.73,175966.58
2026-01-13 02:00:00,1.733,68939.51
2026-01-13 03:00:00,1.735,127959.02
2026-01-13 04:00:00,1.741,45705.75
2026-01-13 05:00:00,1.741,164393.55
2026-01-13 06:00:00,1.747,94171.02
2026-01-13 07:00:00,1.75,92305.38
2026-01-13 08:00:00,1.755,92015.28
2026-01-13 09:00:00,1.749,235634.52
2026-01-13 10:00:00,1.74,151785.51
2026-01-13 11:00:00,1.741,244316.39
2026-01-13 12:00:00,1.749,105988.17
2026-01-13 13:00:00,1.745,459205.02
2026-01-13 14:00:00,1.734,396609.5
2026-01-13 15:00:00,1.748,550005.18
2026-01-13 16:00:00,1.76,548642.69
2026-01-13 17:00:00,1.76,170761.02
2026-01-13 18:00:00,1.766,215854.02
2026-01-13 19:00:00,1.778,201791.6
2026-01-13 20:00:00,1.775,198756.85
2026-01-13 21:00:00,1.78,88570.97
2026-01-13 22:00:00,1.811,522609.67
2026-01-13 23:00:00,1.8,156426.07
2026-01-14 00:00:00,1.785,285211.65
2026-01-14 01:00:00,1.789,107397.46
2026-01-14 02:00:00,1.786,170651.37
2026-01-14 03:00:00,1.782,205630.08
2026-01-14 04:00:00,1.78,173398.7
2026-01-14 05:00:00,1.763,205843.66
2026-01-14 06:00:00,1.769,205509.62
2026-01-14 07:00:00,1.767,168034.79
2026-01-14 08:00:00,1.764,122994.22
2026-01-14 09:00:00,1.78,205841.39
2026-01-14 10:00:00,1.777,182442.2
2026-01-14 11:00:00,1.777,144150.76
2026-01-14 12:00:00,1.782,107445.53
2026-01-14 13:00:00,1.778,133217.19
2026-01-14 14:00:00,1.796,154965.37
2026-01-14 15:00:00,1.794,351765.33
2026-01-14 16:00:00,1.781,379815.6
2026-01-14 17:00:00,1.757,513892.62
2026-01-14 18:00:00,1.744,323707.79
2026-01-14 19:00:00,1.754,350444.96
2026-01-14 20:00:00,1.759,186505.68
2026-01-14 21:00:00,1.76,85134.69
2026-01-14 22:00:00,1.759,148494.08
2026-01-14 23:00:00,1.761,54155.15
2026-01-15 00:00:00,1.765,69183.04
2026-01-15 01:00:00,1.764,214508.12
2026-01-15 02:00:00,1.771,344886.41
2026-01-15 03:00:00,1.761,156381.68
2026-01-15 04:00:00,1.764,90674.73
2026-01-15 05:00:00,1.775,73944.73
2026-01-15 06:00:00,1.768,199529.08
2026-01-15 07:00:00,1.775,134991.86
2026-01-15 08:00:00,1.796,439020.85
2026-01-15 09:00:00,1.785,141707.38
2026-01-15 10:00:00,1.784,167088.47
2026-01-15 11:00:00,1.779,252445.34
2026-01-15 12:00:00,1.776,828529.8
2026-01-15 13:00:00,1.784,116200.46
2026-01-15 14:00:00,1.76,435639.61
2026-01-15 15:00:00,1.75,511435.71
2026-01-15 16:00:00,1.747,145921.17
2026-01-15 17:00:00,1.735,258463.99
2026-01-15 18:00:00,1.72,227979.04
2026-01-15 19:00:00,1.72,207399.73
2026-01-15 20:00:00,1.683,774060.95
2026-01-15 21:00:00,1.696,86762.35
2026-01-15 22:00:00,1.693,93660.55
2026-01-15 23:00:00,1.689,64908.49
2026-01-16 00:00:00,1.681,696021.81
2026-01-16 01:00:00,1.694,263529.6
2026-01-16 02:00:00,1.73,1330964.22
2026-01-16 03:00:00,1.714,1112708.73
2026-01-16 04:00:00,1.711,156738.83
2026-01-16 05:00:00,1.715,117819.82
2026-01-16 06:00:00,1.711,105510.3
2026-01-16 07:00:00,1.722,102795.14
2026-01-16 08:00:00,1.723,180306.64
2026-01-16 09:00:00,1.724,79552.09
2026-01-16 10:00:00,1.708,231863.94
2026-01-16 11:00:00,1.705,265332.15
2026-01-16 12:00:00,1.704,92023.66
2026-01-16 13:00:00,1.708,77552.64
2026-01-16 14:00:00,1.701,253232.39
2026-01-16 15:00:00,1.687,345154.77
2026-01-16 16:00:00,1.696,149190.37
2026-01-16 17:00:00,1.702,93087.05
2026-01-16 18:00:00,1.698,163232.92
2026-01-16 19:00:00,1.703,74211.56
2026-01-16 20:00:00,1.715,71974.91
2026-01-16 21:00:00,1.708,40501.01
2026-01-16 22:00:00,1.719,57643.66
2026-01-16 23:00:00,1.721,84122.27
2026-01-17 00:00:00,1.714,47764.78
2026-01-17 01:00:00,1.703,810966.86
2026-01-17 02:00:00,1.705,46097.15
2026-01-17 03:00:00,1.7,62067.33
2026-01-17 04:00:00,1.706,39774.19
2026-01-17 05:00:00,1.713,166843.25
2026-01-17 06:00:00,1.712,80549.73
2026-01-17 07:00:00,1.713,67496.41
2026-01-17 08:00:00,1.719,89022.67
2026-01-17 09:00:00,1.72,85883.2
2026-01-17 10:00:00,1.714,81911.58
2026-01-17 11:00:00,1.711,129811.27
2026-01-17 12:00:00,1.71,89695.65
2026-01-17 13:00:00,1.713,67988.53
2026-01-17 14:00:00,1.722,168444.42
2026-01-17 15:00:00,1.729,122969.39
2026-01-17 16:00:00,1.728,249811.8
2026-01-17 17:00:00,1.737,139814.84
2026-01-17 18:00:00,1.737,75817.97
2026-01-17 19:00:00,1.732,43707.89
2026-01-17 20:00:00,1.737,62784.18
2026-01-17 21:00:00,1.735,42268.86
2026-01-17 22:00:00,1.73,75561.25
2026-01-17 23:00:00,1.737,113525.96
2026-01-18 00:00:00,1.741,86193.59
2026-01-18 01:00:00,1.723,482802.65
2026-01-18 02:00:00,1.72,156037.89
2026-01-18 03:00:00,1.719,57600.3
2026-01-18 04:00:00,1.714,85679.3
2026-01-18 05:00:00,1.719,51776.69
2026-01-18 06:00:00,1.715,44225.17
2026-01-18 07:00:00,1.717,54928.82
2026-01-18 08:00:00,1.718,48988.45
2026-01-18 09:00:00,1.716,89246.44
2026-01-18 10:00:00,1.719,58238.74
2026-01-18 11:00:00,1.717,100120.02
2026-01-18 12:00:00,1.715,56468.12
2026-01-18 13:00:00,1.716,131680.58
2026-01-18 14:00:00,1.715,112447.69
2026-01-18 15:00:00,1.734,113271.41
2026-01-18 16:00:00,1.732,82917.04
2026-01-18 17:00:00,1.73,79302.37
2026-01-18 18:00:00,1.728,117617.51
2026-01-18 19:00:00,1.727,63631.83
2026-01-18 20:00:00,1.73,67079.12
2026-01-18 21:00:00,1.728,41327.77
2026-01-18 22:00:00,1.739,85240.65
2026-01-18 23:00:00,1.666,893168.02
2026-01-19 00:00:00,1.611,2229568.23
2026-01-19 01:00:00,1.612,361736.19
2026-01-19 02:00:00,1.627,835757.1
2026-01-19 03:00:00,1.618,172089.87
2026-01-19 04:00:00,1.599,305319.68
2026-01-19 05:00:00,1.592,1014145.81
2026-01-19 06:00:00,1.597,275135.27
2026-01-19 07:00:00,1.61,224878.04
2026-01-19 08:00:00,1.621,620231.67
2026-01-19 09:00:00,1.618,119599.21
2026-01-19 10:00:00,1.6,623622.41
2026-01-19 11:00:00,1.6,148745.31
2026-01-19 12:00:00,1.59,439111.26
2026-01-19 13:00:00,1.589,233981.95
2026-01-19 14:00:00,1.594,146733.72
2026-01-19 15:00:00,1.582,84701.75
2026-01-19 16:00:00,1.603,138551.32
2026-01-19 17:00:00,1.597,108602.89
2026-01-19 18:00:00,1.603,48218.18
2026-01-19 19:00:00,1.61,113254.29
2026-01-19 20:00:00,1.602,116954.34
2026-01-19 21:00:00,1.585,219087.51
2026-01-19 22:00:00,1.577,284383.97
2026-01-19 23:00:00,1.587,85072.55
2026-01-20 00:00:00,1.578,148240.17
2026-01-20 01:00:00,1.576,101414.57
2026-01-20 02:00:00,1.574,275164.71
2026-01-20 03:00:00,1.558,370181.56
2026-01-20 04:00:00,1.564,134154.03
2026-01-20 05:00:00,1.559,745239.59
2026-01-20 06:00:00,1.564,208560.95
2026-01-20 07:00:00,1.569,74636.48
2026-01-20 08:00:00,1.561,125776.9
2026-01-20 09:00:00,1.566,180150.84
2026-01-20 10:00:00,1.571,261947.55
2026-01-20 11:00:00,1.571,163242.34
2026-01-20 12:00:00,1.572,82519.59
2026-01-20 13:00:00,1.557,189519.84
2026-01-20 14:00:00,1.551,589163.58
2026-01-20 15:00:00,1.549,334125.88
2026-01-20 16:00:00,1.542,317446.98
2026-01-20 17:00:00,1.532,344622.93
2026-01-20 18:00:00,1.527,463651.48
2026-01-20 19:00:00,1.53,897693.4
2026-01-20 20:00:00,1.538,153653.15
2026-01-20 21:00:00,1.535,76890.81
2026-01-20 22:00:00,1.527,168979.73
2026-01-20 23:00:00,1.517,145525.81
2026-01-21 00:00:00,1.547,316339.59
2026-01-21 01:00:00,1.55,175810.23
2026-01-21 02:00:00,1.542,195514.11
2026-01-21 03:00:00,1.542,135088.58
2026-01-21 04:00:00,1.546,84118.22
2026-01-21 05:00:00,1.551,127222.81
2026-01-21 06:00:00,1.542,128714.48
2026-01-21 07:00:00,1.537,130084.3
2026-01-21 08:00:00,1.533,212420.95
2026-01-21 09:00:00,1.535,145858.85
2026-01-21 10:00:00,1.537,107576.7
2026-01-21 11:00:00,1.524,120953.57
2026-01-21 12:00:00,1.53,340809.69
2026-01-21 13:00:00,1.532,168819.55
2026-01-21 14:00:00,1.573,558981.05
2026-01-21 15:00:00,1.584,255275.59
2026-01-21 16:00:00,1.539,343675.42
2026-01-21 17:00:00,1.544,291344.33
2026-01-21 18:00:00,1.557,270826.87
2026-01-21 19:00:00,1.59,410691.28
2026-01-21 20:00:00,1.586,250607.9
2026-01-21 21:00:00,1.584,64745.17
2026-01-21 22:00:00,1.574,142617.65
2026-01-21 23:00:00,1.561,122008.04
2026-01-22 00:00:00,1.561,120670.52
2026-01-22 01:00:00,1.572,135011.51
2026-01-22 02:00:00,1.567,73626.32
2026-01-22 03:00:00,1.566,66335.55
2026-01-22 04:00:00,1.57,40378.8
2026-01-22 05:00:00,1.567,44493.13
2026-01-22 06:00:00,1.571,117967.83
2026-01-22 07:00:00,1.565,61748.82
2026-01-22 08:00:00,1.578,70457.65
2026-01-22 09:00:00,1.584,71089.62
2026-01-22 10:00:00,1.578,58401.83
2026-01-22 11:00:00,1.565,72472.58
2026-01-22 12:00:00,1.555,568615.21
2026-01-22 13:00:00,1.549,171693.22
2026-01-22 14:00:00,1.539,203084.66
2026-01-22 15:00:00,1.545,168846.35
2026-01-22 16:00:00,1.556,163715.12
2026-01-22 17:00:00,1.556,134065.6
2026-01-22 18:00:00,1.539,235970.98
2026-01-22 19:00:00,1.545,213747.72
2026-01-22 20:00:00,1.539,109854.63
2026-01-22 21:00:00,1.543,54724.56
2026-01-22 22:00:00,1.542,270905.99
2026-01-22 23:00:00,1.541,65182.37
2026-01-23 00:00:00,1.536,108052.08
2026-01-23 01:00:00,1.541,110863.88
2026-01-23 02:00:00,1.53,88442.96
2026-01-23 03:00:00,1.534,132092.1
2026-01-23 04:00:00,1.539,53307.51
2026-01-23 05:00:00,1.535,72830.24
2026-01-23 06:00:00,1.531,167720.96
2026-01-23 07:00:00,1.544,166818.65
2026-01-23 08:00:00,1.538,107611.54
2026-01-23 09:00:00,1.534,90030.75
2026-01-23 10:00:00,1.535,118378.77
2026-01-23 11:00:00,1.539,129054.6
2026-01-23 12:00:00,1.549,142872.84
2026-01-23 13:00:00,1.546,148671.43
2026-01-23 14:00:00,1.527,314399.24
2026-01-23 15:00:00,1.54,161691.0
2026-01-23 16:00:00,1.54,251524.23
2026-01-23 17:00:00,1.543,282496.15
2026-01-23 18:00:00,1.542,181128.6
2026-01-23 19:00:00,1.527,274257.83
2026-01-23 20:00:00,1.529,394949.6
2026-01-23 21:00:00,1.527,149296.18
2026-01-23 22:00:00,1.537,32857.58
2026-01-23 23:00:00,1.533,35183.47
2026-01-24 00:00:00,1.526,146352.15
2026-01-24 01:00:00,1.518,543138.44
2026-01-24 02:00:00,1.521,62375.87
2026-01-24 03:00:00,1.522,96697.61
2026-01-24 04:00:00,1.531,71150.16
2026-01-24 05:00:00,1.536,141079.61
2026-01-24 06:00:00,1.535,72475.25
2026-01-24 07:00:00,1.538,42661.75
2026-01-24 08:00:00,1.538,107813.8
2026-01-24 09:00:00,1.533,52737.11
2026-01-24 10:00:00,1.532,63114.33
2026-01-24 11:00:00,1.535,74576.41
2026-01-24 12:00:00,1.537,51349.42
2026-01-24 13:00:00,1.533,53816.69
2026-01-24 14:00:00,1.536,94660.4
2026-01-24 15:00:00,1.532,64453.56
2026-01-24 16:00:00,1.535,85678.82
2026-01-24 17:00:00,1.538,27717.76
2026-01-24 18:00:00,1.543,46020.41
2026-01-24 19:00:00,1.542,82939.33
2026-01-24 20:00:00,1.544,103449.69
2026-01-24 21:00:00,1.542,56618.46
2026-01-24 22:00:00,1.546,41266.58
2026-01-24 23:00:00,1.537,31229.92
2026-01-25 00:00:00,1.54,68080.37
2026-01-25 01:00:00,1.532,101579.58
2026-01-25 02:00:00,1.527,50961.36
2026-01-25 03:00:00,1.526,57817.1
2026-01-25 04:00:00,1.53,54688.05
2026-01-25 05:00:00,1.539,110574.68
2026-01-25 06:00:00,1.54,52992.17
2026-01-25 07:00:00,1.541,107666.62
2026-01-25 08:00:00,1.535,111127.63
2026-01-25 09:00:00,1.544,62578.59
2026-01-25 10:00:00,1.537,188225.29
2026-01-25 11:00:00,1.536,64414.58
2026-01-25 12:00:00,1.536,81300.05
2026-01-25 13:00:00,1.539,65570.01
2026-01-25 14:00:00,1.526,144846.07
2026-01-25 15:00:00,1.526,71666.89
2026-01-25 16:00:00,1.51,556832.21
2026-01-25 17:00:00,1.507,194263.19
2026-01-25 18:00:00,1.504,438672.93
2026-01-25 19:00:00,1.491,338376.12
2026-01-25 20:00:00,1.494,239581.59
2026-01-25 21:00:00,1.501,149562.58
2026-01-25 22:00:00,1.497,62271.31
2026-01-25 23:00:00,1.506,134526.6
2026-01-26 00:00:00,1.521,714497.97
2026-01-26 01:00:00,1.529,199562.52
2026-01-26 02:00:00,1.525,124035.56
2026-01-26 03:00:00,1.52,101539.16
2026-01-26 04:00:00,1.524,96913.86
2026-01-26 05:00:00,1.524,107166.35
2026-01-26 06:00:00,1.527,84983.58
2026-01-26 07:00:00,1.529,85984.03
2026-01-26 08:00:00,1.534,174682.38
2026-01-26 09:00:00,1.517,108679.22
2026-01-26 10:00:00,1.526,114199.71
2026-01-26 11:00:00,1.517,89587.01
2026-01-26 12:00:00,1.52,96445.94
2026-01-26 13:00:00,1.521,169747.12
2026-01-26 14:00:00,1.526,239515.32
2026-01-26 15:00:00,1.528,256224.28
2026-01-26 16:00:00,1.528,185994.71
2026-01-26 17:00:00,1.53,189206.18
2026-01-26 18:00:00,1.531,173963.27
2026-01-26 19:00:00,1.525,126156.1
2026-01-26 20:00:00,1.52,54849.52
2026-01-26 21:00:00,1.529,95771.77
2026-01-26 22:00:00,1.529,52085.82
2026-01-26 23:00:00,1.525,109052.75
2026-01-27 00:00:00,1.522,87982.65
2026-01-27 01:00:00,1.517,178082.96
2026-01-27 02:00:00,1.519,160201.9
2026-01-27 03:00:00,1.515,79705.4
2026-01-27 04:00:00,1.517,94388.01
2026-01-27 05:00:00,1.515,142832.76
2026-01-27 06:00:00,1.513,61046.72
2026-01-27 07:00:00,1.513,132397.57
2026-01-27 08:00:00,1.515,161005.16
2026-01-27 09:00:00,1.513,63240.55
2026-01-27 10:00:00,1.512,106540.52
2026-01-27 11:00:00,1.515,61836.53
2026-01-27 12:00:00,1.513,99492.11
2026-01-27 13:00:00,1.506,256162.84
2026-01-27 14:00:00,1.511,167826.09
2026-01-27 15:00:00,1.521,140474.82
2026-01-27 16:00:00,1.529,212332.96
2026-01-27 17:00:00,1.514,132201.72
2026-01-27 18:00:00,1.522,97324.25
2026-01-27 19:00:00,1.526,61533.07
2026-01-27 20:00:00,1.531,95622.24
2026-01-27 21:00:00,1.525,73733.98
2026-01-27 22:00:00,1.529,64754.87
2026-01-27 23:00:00,1.521,51221.9
2026-01-28 00:00:00,1.52,121111.57
2026-01-28 01:00:00,1.515,70365.66
2026-01-28 02:00:00,1.513,87807.52
2026-01-28 03:00:00,1.513,51268.19
2026-01-28 04:00:00,1.515,94317.56
2026-01-28 05:00:00,1.521,48868.3
2026-01-28 06:00:00,1.524,63110.1
2026-01-28 07:00:00,1.518,76168.15
2026-01-28 08:00:00,1.52,90560.25
2026-01-28 09:00:00,1.533,85318.12
2026-01-28 10:00:00,1.531,129848.2
2026-01-28 11:00:00,1.539,330504.31
2026-01-28 12:00:00,1.53,99444.81
2026-01-28 13:00:00,1.532,179732.47
2026-01-28 14:00:00,1.529,134555.39
2026-01-28 15:00:00,1.521,194002.1
2026-01-28 16:00:00,1.52,221923.18
2026-01-28 17:00:00,1.529,164980.73
2026-01-28 18:00:00,1.525,153945.93
2026-01-28 19:00:00,1.528,119240.08
2026-01-28 20:00:00,1.524,136070.61
2026-01-28 21:00:00,1.53,92586.14
2026-01-28 22:00:00,1.537,109252.57
2026-01-28 23:00:00,1.537,99976.14
2026-01-29 00:00:00,1.533,393986.03
2026-01-29 01:00:00,1.519,237774.88
2026-01-29 02:00:00,1.507,377822.65
2026-01-29 03:00:00,1.508,219269.92
2026-01-29 04:00:00,1.507,112203.43
2026-01-29 05:00:00,1.505,80441.35
2026-01-29 06:00:00,1.51,65641.07
2026-01-29 07:00:00,1.508,96773.58
2026-01-29 08:00:00,1.509,144844.41
2026-01-29 09:00:00,1.505,160740.81
2026-01-29 10:00:00,1.493,467279.92
2026-01-29 11:00:00,1.485,158905.83
2026-01-29 12:00:00,1.478,218740.67
2026-01-29 13:00:00,1.477,104136.86
2026-01-29 14:00:00,1.455,421777.62
2026-01-29 15:00:00,1.445,843714.94
2026-01-29 16:00:00,1.456,666298.29
2026-01-29 17:00:00,1.458,492067.11
2026-01-29 18:00:00,1.44,549009.86
2026-01-29 19:00:00,1.449,285426.54
2026-01-29 20:00:00,1.464,126599.9
2026-01-29 21:00:00,1.462,93187.54
2026-01-29 22:00:00,1.461,58124.62
2026-01-29 23:00:00,1.456,163871.67
2026-01-30 00:00:00,1.449,91522.84
2026-01-30 01:00:00,1.435,735743.61
2026-01-30 02:00:00,1.42,391739.06
2026-01-30 03:00:00,1.421,243897.36
2026-01-30 04:00:00,1.428,135418.71
2026-01-30 05:00:00,1.428,75393.04
2026-01-30 06:00:00,1.419,136529.4
2026-01-30 07:00:00,1.44,211430.76
2026-01-30 08:00:00,1.433,128877.94
2026-01-30 09:00:00,1.435,190559.84
2026-01-30 10:00:00,1.444,155853.76
2026-01-30 11:00:00,1.456,165117.52
2026-01-30 12:00:00,1.453,113164.06
2026-01-30 13:00:00,1.449,297529.02
2026-01-30 14:00:00,1.451,271377.61
2026-01-30 15:00:00,1.453,231933.54
2026-01-30 16:00:00,1.452,180339.75
2026-01-30 17:00:00,1.448,167541.02
2026-01-30 18:00:00,1.461,431949.6
2026-01-30 19:00:00,1.466,243021.38
2026-01-30 20:00:00,1.45,254427.88
2026-01-30 21:00:00,1.455,151096.76
2026-01-30 22:00:00,1.455,211521.39
2026-01-30 23:00:00,1.458,196071.84
2026-01-31 00:00:00,1.448,108167.08
2026-01-31 01:00:00,1.439,113198.3
2026-01-31 02:00:00,1.433,148616.65
2026-01-31 03:00:00,1.432,51216.66
2026-01-31 04:00:00,1.431,119912.55
2026-01-31 05:00:00,1.434,77573.06
2026-01-31 06:00:00,1.43,95406.63
2026-01-31 07:00:00,1.43,122408.98
2026-01-31 08:00:00,1.428,283419.6
2026-01-31 09:00:00,1.421,106472.82
2026-01-31 10:00:00,1.421,85379.71
2026-01-31 11:00:00,1.423,97900.41
2026-01-31 12:00:00,1.42,170672.9
2026-01-31 13:00:00,1.42,188825.02
2026-01-31 14:00:00,1.352,2875126.03
2026-01-31 15:00:00,1.354,982145.52
2026-01-31 16:00:00,1.329,1131678.06
2026-01-31 17:00:00,1.316,1910778.21
2026-01-31 18:00:00,1.296,1820855.4
2026-01-31 19:00:00,1.312,748169.13
2026-01-31 20:00:00,1.317,238612.76
2026-01-31 21:00:00,1.336,345997.31
2026-01-31 22:00:00,1.334,202768.72
2026-01-31 23:00:00,1.352,313126.62
2026-02-01 00:00:00,1.347,172904.17
2026-02-01 01:00:00,1.343,131270.78
2026-02-01 02:00:00,1.347,226034.45
2026-02-01 03:00:00,1.35,129172.29
2026-02-01 04:00:00,1.357,259944.46
2026-02-01 05:00:00,1.359,156906.63
2026-02-01 06:00:00,1.358,108426.06
2026-02-01 07:00:00,1.368,288896.45
2026-02-01 08:00:00,1.362,261756.7
2026-02-01 09:00:00,1.372,271762.43
2026-02-01 10:00:00,1.359,161099.24
2026-02-01 11:00:00,1.365,119960.66
2026-02-01 12:00:00,1.365,200684.18
2026-02-01 13:00:00,1.362,208512.12
2026-02-01 14:00:00,1.343,774029.11
2026-02-01 15:00:00,1.329,471525.85
2026-02-01 16:00:00,1.324,455189.83
2026-02-01 17:00:00,1.33,159108.41
2026-02-01 18:00:00,1.345,232016.33
2026-02-01 19:00:00,1.326,215335.04
2026-02-01 20:00:00,1.337,180825.0
2026-02-01 21:00:00,1.326,306127.77
2026-02-01 22:00:00,1.338,211923.77
2026-02-01 23:00:00,1.337,660137.71
2026-02-02 00:00:00,1.343,347982.04
2026-02-02 01:00:00,1.346,239987.7
2026-02-02 02:00:00,1.339,295458.15
2026-02-02 03:00:00,1.333,738195.75
2026-02-02 04:00:00,1.334,314627.5
2026-02-02 05:00:00,1.316,337273.9
2026-02-02 06:00:00,1.325,663212.88
2026-02-02 07:00:00,1.326,312363.28
2026-02-02 08:00:00,1.333,199495.62
2026-02-02 09:00:00,1.346,231115.75
2026-02-02 10:00:00,1.337,162423.29
2026-02-02 11:00:00,1.337,137383.3
2026-02-02 12:00:00,1.345,149520.59
2026-02-02 13:00:00,1.357,157753.55
2026-02-02 14:00:00,1.362,307709.53
2026-02-02 15:00:00,1.378,488410.62
2026-02-02 16:00:00,1.369,271413.54
2026-02-02 17:00:00,1.37,210266.15
2026-02-02 18:00:00,1.372,182266.18
2026-02-02 19:00:00,1.368,50509.7
2026-02-02 20:00:00,1.363,114272.91
2026-02-02 21:00:00,1.366,113728.04
2026-02-02 22:00:00,1.369,53768.88
2026-02-02 23:00:00,1.365,82524.14
2026-02-03 00:00:00,1.363,120374.24
2026-02-03 01:00:00,1.362,71431.67
2026-02-03 02:00:00,1.347,231539.99
2026-02-03 03:00:00,1.36,85524.73
2026-02-03 04:00:00,1.377,389809.09
2026-02-03 05:00:00,1.368,68719.91
2026-02-03 06:00:00,1.372,69321.5
2026-02-03 07:00:00,1.376,40977.95
2026-02-03 08:00:00,1.376,122750.49
2026-02-03 09:00:00,1.369,220310.21
2026-02-03 10:00:00,1.364,56256.75
2026-02-03 11:00:00,1.368,76052.08
2026-02-03 12:00:00,1.375,149995.54
2026-02-03 13:00:00,1.388,631394.11
2026-02-03 14:00:00,1.375,270537.15
2026-02-03 15:00:00,1.404,453182.73
2026-02-03 16:00:00,1.4,435874.23
2026-02-03 17:00:00,1.369,282753.41
2026-02-03 18:00:00,1.343,452883.82
2026-02-03 19:00:00,1.396,500733.1
2026-02-03 20:00:00,1.417,660500.6
2026-02-03 21:00:00,1.413,231302.48
2026-02-03 22:00:00,1.403,207476.06
2026-02-03 23:00:00,1.399,221746.08
2026-02-04 00:00:00,1.39,145684.67
2026-02-04 01:00:00,1.397,140575.95
2026-02-04 02:00:00,1.388,156038.95
2026-02-04 03:00:00,1.398,113080.1
2026-02-04 04:00:00,1.399,75687.12
2026-02-04 05:00:00,1.395,179599.9
2026-02-04 06:00:00,1.399,140035.43
2026-02-04 07:00:00,1.396,94723.24
2026-02-04 08:00:00,1.391,87252.82
2026-02-04 09:00:00,1.384,90175.03
2026-02-04 10:00:00,1.39,237048.96
2026-02-04 11:00:00,1.391,320119.9
2026-02-04 12:00:00,1.389,118235.64
2026-02-04 13:00:00,1.377,150632.5
2026-02-04 14:00:00,1.367,323702.86
2026-02-04 15:00:00,1.358,352639.95
2026-02-04 16:00:00,1.354,543253.65
2026-02-04 17:00:00,1.393,681976.04
2026-02-04 18:00:00,1.411,1183231.75
2026-02-04 19:00:00,1.407,364581.0
2026-02-04 20:00:00,1.399,152253.57
2026-02-04 21:00:00,1.386,246651.12
2026-02-04 22:00:00,1.379,139644.13
2026-02-04 23:00:00,1.391,172229.25
2026-02-05 00:00:00,1.384,174191.78
2026-02-05 01:00:00,1.376,237913.67
2026-02-05 02:00:00,1.372,179620.61
2026-02-05 03:00:00,1.374,202059.57
2026-02-05 04:00:00,1.381,363304.94
2026-02-05 05:00:00,1.382,298193.9
2026-02-05 06:00:00,1.382,361804.2
2026-02-05 07:00:00,1.379,163094.68
2026-02-05 08:00:00,1.385,168901.96
2026-02-05 09:00:00,1.392,124326.32
2026-02-05 10:00:00,1.38,380151.08
2026-02-05 11:00:00,1.381,633386.45
2026-02-05 12:00:00,1.378,405470.21
2026-02-05 13:00:00,1.384,516300.66
2026-02-05 14:00:00,1.388,633750.44
2026-02-05 15:00:00,1.332,2565299.47
2026-02-05 16:00:00,1.332,1048025.0
2026-02-05 17:00:00,1.327,738447.38
2026-02-05 18:00:00,1.35,647277.39
2026-02-05 19:00:00,1.332,612910.84
2026-02-05 20:00:00,1.294,2250652.65
2026-02-05 21:00:00,1.269,1101458.56
2026-02-05 22:00:00,1.296,714033.47
2026-02-05 23:00:00,1.26,505622.52
2026-02-06 00:00:00,1.225,4681692.75
2026-02-06 01:00:00,1.259,627782.94
2026-02-06 02:00:00,1.243,402358.52
2026-02-06 03:00:00,1.24,306889.49
2026-02-06 04:00:00,1.26,437895.52
2026-02-06 05:00:00,1.29,398394.12
2026-02-06 06:00:00,1.255,347060.76
2026-02-06 07:00:00,1.26,396919.18
2026-02-06 08:00:00,1.257,522486.5
2026-02-06 09:00:00,1.286,287851.15
2026-02-06 10:00:00,1.293,213014.73
2026-02-06 11:00:00,1.296,260881.79
2026-02-06 12:00:00,1.298,386577.84
2026-02-06 13:00:00,1.317,930698.75
2026-02-06 14:00:00,1.331,564897.62
2026-02-06 15:00:00,1.333,272877.2
2026-02-06 16:00:00,1.362,522507.37
2026-02-06 17:00:00,1.372,395308.7
2026-02-06 18:00:00,1.361,430873.23
2026-02-06 19:00:00,1.388,612291.0
2026-02-06 20:00:00,1.393,1328992.29
2026-02-06 21:00:00,1.394,246173.62
2026-02-06 22:00:00,1.39,259562.26
2026-02-06 23:00:00,1.397,201066.77
2026-02-07 00:00:00,1.399,474670.05
2026-02-07 01:00:00,1.395,319453.19
2026-02-07 02:00:00,1.401,168146.37
2026-02-07 03:00:00,1.412,266168.15
2026-02-07 04:00:00,1.395,250841.5
2026-02-07 05:00:00,1.39,197832.49
2026-02-07 06:00:00,1.371,336460.37
2026-02-07 07:00:00,1.355,542059.49
2026-02-07 08:00:00,1.346,506983.66
2026-02-07 09:00:00,1.346,360247.85
2026-02-07 10:00:00,1.344,90569.73
2026-02-07 11:00:00,1.368,449017.1
2026-02-07 12:00:00,1.454,2282550.52
2026-02-07 13:00:00,1.403,2142322.76
2026-02-07 14:00:00,1.387,502609.76
2026-02-07 15:00:00,1.394,702109.67
2026-02-07 16:00:00,1.391,987419.22
2026-02-07 17:00:00,1.393,107177.46
2026-02-07 18:00:00,1.4,236396.02
2026-02-07 19:00:00,1.412,341098.88
2026-02-07 20:00:00,1.417,255072.57
2026-02-07 21:00:00,1.42,511946.96
2026-02-07 22:00:00,1.417,88871.93
2026-02-07 23:00:00,1.423,265482.41
2026-02-08 00:00:00,1.425,283439.26
2026-02-08 01:00:00,1.407,352340.81
2026-02-08 02:00:00,1.401,165415.72
2026-02-08 03:00:00,1.394,99324.25
2026-02-08 04:00:00,1.396,291281.77
2026-02-08 05:00:00,1.394,87149.64
2026-02-08 06:00:00,1.394,62782.38
2026-02-08 07:00:00,1.398,90168.7
2026-02-08 08:00:00,1.408,372534.36
2026-02-08 09:00:00,1.392,191963.09
2026-02-08 10:00:00,1.397,144823.02
2026-02-08 11:00:00,1.411,163536.89
2026-02-08 12:00:00,1.411,128739.47
2026-02-08 13:00:00,1.411,105088.03
2026-02-08 14:00:00,1.421,441473.95
2026-02-08 15:00:00,1.411,368308.43
2026-02-08 16:00:00,1.388,230636.02
2026-02-08 17:00:00,1.404,152480.27
2026-02-08 18:00:00,1.403,126749.96
2026-02-08 19:00:00,1.407,126118.76
2026-02-08 20:00:00,1.403,110091.96
2026-02-08 21:00:00,1.4,44887.83
2026-02-08 22:00:00,1.402,89193.35
2026-02-08 23:00:00,1.4,228362.4
2026-02-09 00:00:00,1.398,71086.76
2026-02-09 01:00:00,1.391,163924.18
2026-02-09 02:00:00,1.399,137926.94
2026-02-09 03:00:00,1.399,112097.36
2026-02-09 04:00:00,1.388,327736.58
2026-02-09 05:00:00,1.39,71357.5
2026-02-09 06:00:00,1.385,269232.72
2026-02-09 07:00:00,1.377,258531.67
2026-02-09 08:00:00,1.372,185575.27
2026-02-09 09:00:00,1.358,285442.77
2026-02-09 10:00:00,1.346,463417.02
2026-02-09 11:00:00,1.357,101651.0
2026-02-09 12:00:00,1.348,484959.24
2026-02-09 13:00:00,1.346,258980.62
2026-02-09 14:00:00,1.351,618355.87
2026-02-09 15:00:00,1.349,352395.3
2026-02-09 16:00:00,1.358,464178.81
2026-02-09 17:00:00,1.373,297825.85
2026-02-09 18:00:00,1.379,310229.58
2026-02-09 19:00:00,1.377,176124.15
2026-02-09 20:00:00,1.376,192884.44
2026-02-09 21:00:00,1.372,87555.67
2026-02-09 22:00:00,1.369,367082.93
2026-02-09 23:00:00,1.359,339205.03
2026-02-10 00:00:00,1.359,64153.63
2026-02-10 01:00:00,1.366,48244.03
2026-02-10 02:00:00,1.365,159294.72
2026-02-10 03:00:00,1.354,99231.76
2026-02-10 04:00:00,1.362,54751.24
2026-02-10 05:00:00,1.351,64681.23
2026-02-10 06:00:00,1.341,189773.86
2026-02-10 07:00:00,1.349,100542.35
2026-02-10 08:00:00,1.36,97907.83
2026-02-10 09:00:00,1.363,193699.97
2026-02-10 10:00:00,1.352,279866.8
2026-02-10 11:00:00,1.339,894466.26
2026-02-10 12:00:00,1.34,375523.52
2026-02-10 13:00:00,1.344,82545.33
2026-02-10 14:00:00,1.348,6378.67
2026-02-10 15:00:00,1.343,8977.47
2026-02-10 16:00:00,1.348,7860.84
2026-02-10 17:00:00,1.346,10266.16
2026-02-10 18:00:00,1.35,12621.01
2026-02-10 19:00:00,1.333,4536.38
2026-02-10 20:00:00,1.332,13907.88
2026-02-10 21:00:00,1.334,67917.12
2026-02-10 22:00:00,1.341,72009.44
2026-02-10 23:00:00,1.338,78070.78
2026-02-11 00:00:00,1.335,112368.59
2026-02-11 01:00:00,1.331,66077.34
2026-02-11 02:00:00,1.333,105930.03
2026-02-11 03:00:00,1.333,99837.54
2026-02-11 04:00:00,1.322,123113.14
2026-02-11 05:00:00,1.319,154191.24
2026-02-11 06:00:00,1.315,54748.05
2026-02-11 07:00:00,1.309,4561.62
2026-02-11 08:00:00,1.311,8905.51
2026-02-11 09:00:00,1.31,6381.76
2026-02-11 10:00:00,1.3,47865.51
2026-02-11 11:00:00,1.297,27694.72
2026-02-11 12:00:00,1.298,10820.21
2026-02-11 13:00:00,1.299,8356.77
2026-02-11 14:00:00,1.325,26816.6
